id,name,rating,rate_num
841784963821338664,一般ユーザーtest#3633,1443.4110086908718,4
542779285396520980,水兎(mito)#4016,1538.5849411998522,5
616865170249089034,Laty#6190,1518.0040501092762,1
