id,name,rating,rate_num
841784963821338664,一般ユーザーtest#3633,1456.252866366389,3
542779285396520980,水兎(mito)#4016,1525.7430835243347,4
616865170249089034,Laty#6190,1518.0040501092762,1
